"Path","Platform","Compiled","Cooked","Permutations","Compiletime","CompiledDouble","CookedDouble"
"Globals","0","5337","0","1","0.000000","0","0"
"/Engine/EngineDebugMaterials/DebugEditorMaterial.DebugEditorMaterial","0","7","8","1","15.207033","0","8"
"/Engine/EditorMaterials/PhAT_NoCollisionMaterial.PhAT_NoCollisionMaterial","0","5","5","1","8.304557","0","5"
"/ControlRig/Controls/ControlRigGizmoMaterial.ControlRigGizmoMaterial","0","0","4","1","0.000000","0","0"
"/MeshModelingToolset/Materials/M_DynamicMeshComponentVtxColor.M_DynamicMeshComponentVtxColor","0","0","20","1","0.000000","0","0"
"/ControlRig/Controls/ControlRigXRayMaterial.ControlRigXRayMaterial","0","0","11","1","0.000000","0","0"
"/Game/Vehicles/SportsCar/Materials/M_SportsCar_Lights.M_SportsCar_Lights","0","0","46","1","0.000000","0","0"
"/Game/LevelPrototyping/Materials/M_Solid.M_Solid","0","0","26","1","0.000000","0","0"
"/ControlRig/M_Manip.M_Manip","0","0","11","1","0.000000","0","0"
"/Paper2D/DefaultSpriteMaterial.DefaultSpriteMaterial","0","0","50","2","0.000000","0","0"
"/Game/Vehicles/SportsCar/Materials/M_SportsCar_Wheel.M_SportsCar_Wheel","0","0","26","1","0.000000","0","0"
"/Game/Vehicles/SportsCar/Materials/M_SportsCar.M_SportsCar","0","0","90","3","0.000000","0","0"
"/Game/Vehicles/OffroadCar/Materials/M_OffroadCar_Wheel.M_OffroadCar_Wheel","0","0","26","1","0.000000","0","0"
"/Game/Track/M_Track.M_Track","0","0","26","1","0.000000","0","0"
"/Engine/EditorMaterials/PhAT_UnselectedMaterial.PhAT_UnselectedMaterial","0","5","5","1","2.420869","0","5"
"/Engine/EngineMaterials/GizmoMaterial.GizmoMaterial","0","7","8","1","8.150603","0","8"
"/Engine/EngineDebugMaterials/DebugMeshMaterial.DebugMeshMaterial","0","7","7","1","8.484121","0","7"
"/Engine/EngineMaterials/RemoveSurfaceMaterial.RemoveSurfaceMaterial","0","4","4","1","6.110867","0","4"
"/Engine/EngineMaterials/NaniteHiddenSectionMaterial.NaniteHiddenSectionMaterial","0","27","29","1","41.743793","0","29"
"/Game/Tracks/Prueba_mapa2/Material_002.Material_002","0","14","14","1","19.399841","0","14"
"/Game/Tracks/Prueba_mapa2/Material_001.Material_001","0","14","14","1","0.000000","0","14"
"/Game/StarterContent/Materials/M_Tech_Checker_Dot.M_Tech_Checker_Dot","0","23","23","1","37.385342","0","23"
"/Game/StarterContent/Props/Materials/M_Chair.M_Chair","0","23","23","1","34.888233","0","23"
"/Game/StarterContent/Materials/M_Ceramic_Tile_Checker.M_Ceramic_Tile_Checker","0","23","23","1","44.145817","0","23"
"/Game/Tracks/mapa_02/Material_005.Material_005","0","14","14","1","0.000000","0","14"
"/Game/Tracks/mapa_02/Material_003.Material_003","0","14","14","1","0.000000","0","14"
"/Game/StarterContent/Props/Materials/M_Bush.M_Bush","0","42","44","1","63.354645","0","44"
"/Game/StarterContent/Particles/Materials/M_Burst.M_Burst","0","17","17","1","18.551899","0","17"
"/Game/StarterContent/Materials/M_Brick_Hewn_Stone.M_Brick_Hewn_Stone","0","23","23","1","35.457695","0","23"
"/Game/StarterContent/Materials/M_Brick_Clay_New.M_Brick_Clay_New","0","23","23","1","29.313028","0","23"
"/Engine/VREditor/TransformGizmo/Xray.Xray","0","14","14","1","0.000000","0","14"
"/Engine/VREditor/TransformGizmo/Main.Main","0","5","5","1","2.771483","0","5"
"/Game/Vehicles/test_car/obje/initialShadingGroup.initialShadingGroup","0","14","14","1","0.000000","0","14"
"/Game/StarterContent/Materials/M_CobbleStone_Smooth.M_CobbleStone_Smooth","0","23","23","1","42.470764","0","23"
"/Game/StarterContent/Materials/M_CobbleStone_Rough.M_CobbleStone_Rough","0","23","23","1","42.290253","0","23"
"/Game/StarterContent/Materials/M_CobbleStone_Pebble.M_CobbleStone_Pebble","0","23","23","1","44.494308","0","23"
"/Engine/EditorMaterials/Dataflow/DataflowVertexMaterial.DataflowVertexMaterial","0","26","26","1","54.268284","0","26"
"/Engine/EngineMaterials/Widget3DPassThrough.Widget3DPassThrough","0","57","62","6","87.044312","0","62"
"/Interchange/gltf/M_Unlit.M_Unlit","0","0","128","6","0.000000","0","0"
"/Game/LevelPrototyping/Materials/M_PrototypeGrid.M_PrototypeGrid","0","0","69","3","0.000000","0","1095"
"/SpeedTreeImporter/SpeedTree9/SpeedTreeBillboardMaster.SpeedTreeBillboardMaster","0","0","62","1","0.000000","0","0"
"/SpeedTreeImporter/SpeedTree9/SpeedTreeMaster.SpeedTreeMaster","0","0","88","1","0.000000","0","0"
"/Interchange/gltf/M_Sheen.M_Sheen","0","0","272","6","0.000000","0","0"
"/Interchange/gltf/M_SpecularGlossiness.M_SpecularGlossiness","0","0","272","6","0.000000","0","0"
"/Interchange/gltf/M_Transmission.M_Transmission","0","0","96","2","0.000000","0","0"
"/Interchange/gltf/M_ClearCoat.M_ClearCoat","0","0","272","6","0.000000","0","0"
"/Interchange/gltf/M_Default.M_Default","0","0","272","6","0.000000","0","0"
"/Game/StarterContent/Materials/M_Concrete_Panels.M_Concrete_Panels","0","23","23","1","37.694370","0","23"
"/Game/StarterContent/Materials/M_Concrete_Grime.M_Concrete_Grime","0","23","23","1","37.830498","0","23"
"/Game/StarterContent/Materials/M_Brick_Cut_Stone.M_Brick_Cut_Stone","0","23","23","1","42.189831","0","23"
"/Game/StarterContent/Materials/M_Brick_Clay_Old.M_Brick_Clay_Old","0","23","23","1","39.552616","0","23"
"/Game/StarterContent/Materials/M_Brick_Clay_Beveled.M_Brick_Clay_Beveled","0","23","23","1","30.714008","0","23"
"/Water/Materials/WaterInfo/DrawWaterInfo.DrawWaterInfo","0","14","14","1","16.701794","0","14"
"/Game/StarterContent/Blueprints/Assets/M_LightStage_Skybox_Master.M_LightStage_Skybox_Master","0","8","8","2","10.235184","0","8"
"/Landmass/Landscape/BlueprintBrushes/Materials/Internal/BrushBounds.BrushBounds","0","5","5","1","50.235050","0","5"
"/Engine/EngineMaterials/FlattenMaterial_WS_Normal_VT.FlattenMaterial_WS_Normal_VT","0","70","105","3","147.006531","0","1750"
"/Engine/OpenWorldTemplate/LandscapeMaterial/M_ProcGrid.M_ProcGrid","0","14","40","1","27.979628","0","2988"
"/Game/Vehicles/SportsCar/mat_5_002.mat_5_002","0","26","26","1","23.451256","0","26"
"/Game/Vehicles/SportsCar/mat_4_005.mat_4_005","0","26","26","1","0.000000","0","26"
"/Game/Vehicles/SportsCar/mat_4_002.mat_4_002","0","26","26","1","0.000000","0","26"
"/Game/Vehicles/SportsCar/mat_3_002.mat_3_002","0","26","26","1","0.000000","0","26"
"/Game/Vehicles/SportsCar/mat_11_002.mat_11_002","0","26","26","1","0.000000","0","26"
"/Game/Vehicles/SportsCar/mat_10_002.mat_10_002","0","26","26","1","0.000000","0","26"
"/Engine/EngineSky/M_SimpleSkyDome.M_SimpleSkyDome","0","4","4","1","3.845987","0","4"
"/Engine/EditorMeshes/ColorCalibrator/M_GreyBall.M_GreyBall","0","35","35","1","63.780235","0","35"
"/Engine/EngineMaterials/DefaultTextMaterialOpaque.DefaultTextMaterialOpaque","0","29","31","1","56.224060","0","31"
"/Engine/EngineMaterials/AntiAliasedTextMaterialTranslucent.AntiAliasedTextMaterialTranslucent","0","22","22","1","43.736401","0","22"
"/Game/StarterContent/Materials/M_Wood_Pine.M_Wood_Pine","0","23","23","1","44.364719","0","23"
"/Game/StarterContent/Materials/M_Wood_Oak.M_Wood_Oak","0","23","23","1","46.170959","0","23"
"/Game/StarterContent/Materials/M_Tech_Panel.M_Tech_Panel","0","23","23","1","44.295742","0","23"
"/Game/StarterContent/Materials/M_Tech_Hex_Tile_Pulse.M_Tech_Hex_Tile_Pulse","0","23","23","1","47.153610","0","23"
"/Game/StarterContent/Materials/M_Rock_Slate.M_Rock_Slate","0","23","23","1","50.977768","0","23"
"/Game/StarterContent/Materials/M_Rock_Sandstone.M_Rock_Sandstone","0","23","23","1","48.490063","0","23"
"/Game/StarterContent/Materials/M_Rock_Basalt.M_Rock_Basalt","0","23","23","1","40.468433","0","23"
"/Game/StarterContent/Materials/M_Metal_Steel.M_Metal_Steel","0","23","23","1","42.201111","0","23"
"/Game/StarterContent/Materials/M_Metal_Gold.M_Metal_Gold","0","35","35","1","63.380066","0","35"
"/Game/StarterContent/Materials/M_Metal_Copper.M_Metal_Copper","0","23","23","1","42.704952","0","23"
"/Game/StarterContent/Materials/M_Metal_Chrome.M_Metal_Chrome","0","23","23","1","48.295582","0","23"
"/Game/StarterContent/Materials/M_Metal_Burnished_Steel.M_Metal_Burnished_Steel","0","23","23","1","39.491253","0","23"
"/Game/StarterContent/Materials/M_Metal_Brushed_Nickel.M_Metal_Brushed_Nickel","0","23","23","1","39.684517","0","23"
"/Game/StarterContent/Props/Materials/M_Lamp.M_Lamp","0","23","23","1","48.792965","0","23"
"/Game/StarterContent/Materials/M_Ground_Moss.M_Ground_Moss","0","23","23","1","48.914474","0","23"
"/Game/StarterContent/Materials/M_Ground_Gravel.M_Ground_Gravel","0","23","23","1","55.294598","0","23"
"/Engine/EditorMaterials/PreviewShadowIndicatorMaterial.PreviewShadowIndicatorMaterial","0","45","45","1","65.509338","0","45"
"/Game/Tracks/mapa_02/props/Textura_Caja_Mat.Textura_Caja_Mat","0","14","14","1","29.508121","0","14"
"/Game/Tracks/mapa_02/props/Rampa_Textura_Mat.Rampa_Textura_Mat","0","14","14","1","0.000000","0","14"
"/Game/Tracks/mapa_02/props/Palos_02_Mat.Palos_02_Mat","0","14","14","1","0.000000","0","14"
"/Game/Tracks/mapa_02/props/Meta_01_Mat.Meta_01_Mat","0","17","18","1","34.178688","0","18"
"/Game/StarterContent/Materials/M_Ground_Grass.M_Ground_Grass","0","23","23","1","51.130913","0","23"
"/Game/StarterContent/Props/Materials/M_Frame.M_Frame","0","23","23","1","48.233673","0","23"
"/Game/StarterContent/Particles/Materials/M_Fire_SubUV.M_Fire_SubUV","0","11","11","1","16.559803","0","11"
"/Game/StarterContent/Particles/Materials/M_explosion_subUV.M_explosion_subUV","0","11","11","1","16.335810","0","11"
"/Game/StarterContent/Particles/Materials/M_Dust_Particle.M_Dust_Particle","0","74","74","1","123.027786","0","74"
"/Game/StarterContent/Props/Materials/M_Door.M_Door","0","23","23","1","49.487057","0","23"
"/Game/StarterContent/Materials/M_Concrete_Tiles.M_Concrete_Tiles","0","23","23","1","50.570145","0","23"
"/Game/StarterContent/Materials/M_Concrete_Poured.M_Concrete_Poured","0","23","23","1","44.965672","0","23"
"/Water/Materials/Brushes/MeshBrush_Width.MeshBrush_Width","0","4","4","1","6.916558","0","4"
"/Water/Materials/Brushes/MeshBrush_Weightmap.MeshBrush_Weightmap","0","4","4","1","7.149092","0","4"
"/Water/Materials/Brushes/MeshBrush_Island.MeshBrush_Island","0","4","4","1","9.311116","0","4"
"/Engine/BasicShapes/BasicShapeMaterial.BasicShapeMaterial","0","67","67","1","142.903854","0","67"
"/Game/Vehicles/test_car/mat_5_001.mat_5_001","0","50","50","1","485.406982","0","50"
"/Game/Vehicles/test_car/mat_4_004.mat_4_004","0","26","26","1","0.000000","0","26"
"/Game/Vehicles/test_car/mat_4_001.mat_4_001","0","50","50","1","0.000000","0","50"
"/Game/Vehicles/test_car/mat_3_001.mat_3_001","0","50","50","1","0.000000","0","50"
"/Game/Vehicles/test_car/mat_11_001.mat_11_001","0","50","50","1","0.000000","0","50"
"/Game/Vehicles/test_car/mat_10_001.mat_10_001","0","50","50","1","0.000000","0","50"
"/Game/StarterContent/Props/Materials/M_Rock.M_Rock","0","23","23","1","50.435188","0","23"
"/Game/StarterContent/Materials/M_Water_Ocean.M_Water_Ocean","0","23","23","1","50.015648","0","23"
"/Game/StarterContent/Materials/M_Tech_Hex_Tile.M_Tech_Hex_Tile","0","23","23","1","45.189682","0","23"
"/Game/StarterContent/Materials/M_Metal_Rust.M_Metal_Rust","0","23","23","1","46.661045","0","23"
"/Game/StarterContent/Particles/Materials/M_radial_ramp.M_radial_ramp","0","14","14","1","16.925049","0","14"
"/Game/StarterContent/Particles/Materials/M_Radial_Gradient.M_Radial_Gradient","0","14","14","1","0.000000","0","14"
"/Game/StarterContent/Materials/M_Wood_Floor_Walnut_Worn.M_Wood_Floor_Walnut_Worn","0","23","23","1","45.459164","0","23"
"/Water/Materials/Brushes/MeshBrush_Angle.MeshBrush_Angle","0","4","4","1","6.909829","0","4"
"/Game/StarterContent/Materials/M_ColorGrid_LowSpec.M_ColorGrid_LowSpec","0","23","23","1","44.902454","0","23"
"/Engine/EngineSky/M_Sky_Panning_Clouds2.M_Sky_Panning_Clouds2","0","4","4","1","6.906118","0","4"
"/Engine/EditorMeshes/ColorCalibrator/M_ColorGrid.M_ColorGrid","0","35","35","1","23.699551","0","35"
"/Water/Materials/Brushes/CompositeWaterBodyTexture.CompositeWaterBodyTexture","0","5","5","1","8.437377","0","5"
"/Water/Materials/Brushes/CanvasDrawing.CanvasDrawing","0","7","7","1","11.201169","0","7"
"/Landmass/Landscape/BlueprintBrushes/Materials/RenderSplineDepths.RenderSplineDepths","0","6","6","1","11.027573","0","6"
"/Landmass/Landscape/BlueprintBrushes/Materials/CacheDistanceField.CacheDistanceField","0","5","5","1","7.199577","0","5"
"/Landmass/DistanceFields/Materials/JumpFloodStep.JumpFloodStep","0","5","5","1","7.332780","0","5"
"/Landmass/DistanceFields/Materials/DetectEdges.DetectEdges","0","5","5","1","7.722452","0","5"
"/Landmass/DistanceFields/Materials/BlurEdges.BlurEdges","0","5","5","1","7.659863","0","5"
"/Water/Materials/WaterSurface/Water_Material.Water_Material","0","715","785","5","5191.269043","0","785"
"/Engine/EditorLandscapeResources/SplineEditorMeshMat.SplineEditorMeshMat","0","12","14","1","33.892502","0","14"
"/Engine/EngineDebugMaterials/M_SimpleUnlitTranslucent.M_SimpleUnlitTranslucent","0","5","5","1","5.354718","0","5"
"/Engine/EditorMaterials/Camera/CineMat.CineMat","0","26","26","1","48.578857","0","26"
"/Water/Materials/PostProcessing/M_UnderWater_PostProcess_Volume.M_UnderWater_PostProcess_Volume","0","15","16","1","27.354298","0","16"
"/Game/StarterContent/Particles/Materials/m_flare_01.m_flare_01","0","14","14","1","15.330976","0","14"
"/Engine/VREditor/SnapGrid/SnapGridMaterial.SnapGridMaterial","0","12","12","1","19.695023","0","12"
"/Engine/EditorMaterials/Thumbnails/SkySphereMaterial.SkySphereMaterial","0","23","23","1","35.070755","0","23"
"/Engine/VREditor/TransformGizmo/TranslucentTransformGizmoMaterial.TranslucentTransformGizmoMaterial","0","5","5","1","3.607077","0","5"
"/Game/StarterContent/Materials/M_Glass.M_Glass","0","35","35","1","297.900391","0","35"
"/Engine/EngineSky/VolumetricClouds/m_SimpleVolumetricCloud.m_SimpleVolumetricCloud","0","100","100","1","1196.444214","0","100"
"/Landmass/Landscape/BlueprintBrushes/Materials/Sprite/M_BrushSprite_01.M_BrushSprite_01","0","17","19","1","36.677631","0","19"
"/Engine/EngineMaterials/DefaultLightFunctionMaterial.DefaultLightFunctionMaterial","0","45","45","1","46.649597","0","45"
"/Game/StarterContent/Materials/M_Basic_Wall.M_Basic_Wall","0","23","23","1","0.000000","0","23"
"/Game/StarterContent/Materials/M_Basic_Floor.M_Basic_Floor","0","23","23","1","32.515499","0","23"
"/Game/StarterContent/Materials/M_AssetPlatform.M_AssetPlatform","0","23","23","1","33.571632","0","23"
"/Game/StarterContent/Blueprints/Assets/M_LightStage_Arrows.M_LightStage_Arrows","0","4","4","1","4.167618","0","4"
"/Game/Tracks/mapa_02/props/ContainerTexturas_Interior_Azul_Mat.ContainerTexturas_Interior_Azul_Mat","0","14","14","1","0.000000","0","14"
"/Game/Tracks/mapa_02/Material_006.Material_006","0","14","14","1","0.000000","0","14"
"/Game/Tracks/mapa_02/Gradient_Pallete_Mat.Gradient_Pallete_Mat","0","17","18","1","0.000000","0","18"
"/Game/Tracks/mapa_02/Material_011.Material_011","0","14","14","1","0.000000","0","14"
"/Game/StarterContent/Particles/Materials/M_Heat_Distortion.M_Heat_Distortion","0","23","23","1","27.302931","0","23"
"/Game/StarterContent/Props/Materials/M_TableRound.M_TableRound","0","23","23","1","39.378372","0","23"
"/Game/StarterContent/Props/Materials/M_StatueGlass.M_StatueGlass","0","35","35","1","316.257782","0","35"
"/Game/StarterContent/Props/Materials/M_Statue.M_Statue","0","23","23","1","39.127548","0","23"
"/Game/StarterContent/Particles/Materials/M_Spark.M_Spark","0","11","11","1","13.903853","0","11"
"/Game/StarterContent/Particles/Materials/M_smoke_subUV.M_smoke_subUV","0","56","56","1","92.864609","0","56"
"/Game/StarterContent/Props/Materials/M_Shelf.M_Shelf","0","23","23","1","40.117573","0","23"
"/Game/StarterContent/Materials/M_Wood_Floor_Walnut_Polished.M_Wood_Floor_Walnut_Polished","0","23","23","1","43.682346","0","23"
"/Game/StarterContent/Materials/M_Water_Lake.M_Water_Lake","0","23","23","1","42.693993","0","23"
"/Game/StarterContent/Materials/M_Rock_Marble_Polished.M_Rock_Marble_Polished","0","23","23","1","39.392986","0","23"
"/Game/StarterContent/Materials/M_Wood_Walnut.M_Wood_Walnut","0","23","23","1","34.708298","0","23"
"/Game/Shaders/Shader1/M_Shader1.M_Shader1","0","5","5","1","4.152031","0","5"
"/Game/VehicleTemplate/Blueprints/True_kart3/NewMaterial.NewMaterial","0","17","18","1","28.347395","0","18"
"/Game/VehicleTemplate/Blueprints/Countdown/M_InvWal.M_InvWal","0","20","20","1","28.886396","0","20"
"/Game/Vehicles/test_car/obje/bluecornet1_mat_5_001.bluecornet1_mat_5_001","0","14","14","1","20.018127","0","14"
"/Game/Vehicles/test_car/obje/bluecornet1_mat_4_004.bluecornet1_mat_4_004","0","14","14","1","0.000000","0","14"
"/Game/Vehicles/test_car/obje/bluecornet1_mat_4_001.bluecornet1_mat_4_001","0","14","14","1","0.000000","0","14"
"/Game/Vehicles/test_car/obje/bluecornet1_mat_3_001.bluecornet1_mat_3_001","0","14","14","1","0.000000","0","14"
"/Game/Vehicles/test_car/obje/bluecornet1_mat_11_001.bluecornet1_mat_11_001","0","14","14","1","0.000000","0","14"
"/Game/Vehicles/test_car/obje/bluecornet1_mat_10_001.bluecornet1_mat_10_001","0","14","14","1","0.000000","0","14"
"/Engine/EngineMaterials/PPM_DefaultCalibrationGrayscale.PPM_DefaultCalibrationGrayscale","0","5","5","1","3.000302","0","5"
"/Engine/EngineMaterials/PPM_DefaultCalibrationColor.PPM_DefaultCalibrationColor","0","5","5","1","3.362836","0","5"
"/Engine/EditorMeshes/ColorCalibrator/M_ClearCoat.M_ClearCoat","0","23","23","1","34.815441","0","23"
"/Engine/EditorMeshes/ColorCalibrator/M_ChromeBall.M_ChromeBall","0","35","35","1","52.039619","0","35"
"/Engine/EngineDebugMaterials/M_VolumeRenderSphereTracePP.M_VolumeRenderSphereTracePP","0","5","5","1","5.521558","0","5"
"/Engine/VREditor/TransformGizmo/TransformGizmoMaterial.TransformGizmoMaterial","0","4","4","1","6.941831","0","4"
"/Engine/EngineMaterials/DefaultPostProcessMaterial.DefaultPostProcessMaterial","0","7","7","1","9.556566","0","7"
"/Engine/EngineMaterials/DefaultDeferredDecalMaterial.DefaultDeferredDecalMaterial","0","87","87","1","173.354111","0","87"
"/Engine/EditorMeshes/ColorCalibrator/M_ClearCoatBlack.M_ClearCoatBlack","0","23","23","1","40.368046","0","23"
"/Engine/EngineMaterials/FlattenMaterial_VT.FlattenMaterial_VT","0","35","35","1","58.254066","0","35"
"/Engine/EngineMaterials/FlattenMaterial.FlattenMaterial","0","35","35","1","0.000000","0","35"
"/Engine/EngineMaterials/M_InvalidLightmapSettings.M_InvalidLightmapSettings","0","28","28","1","52.464069","0","28"
"/Engine/EngineMaterials/EmissiveMeshMaterial.EmissiveMeshMaterial","0","7","7","1","10.382340","0","7"
"/Engine/EngineMaterials/PhAT_JointLimitMaterial.PhAT_JointLimitMaterial","0","10","11","1","23.166578","0","11"
"/Engine/EngineMaterials/DefaultMaterial.DefaultMaterial","0","127","127","1","271.473999","0","127"
"/Engine/EngineMaterials/WorldGridMaterial.WorldGridMaterial","0","760","0","1","0.000000","0","0"
"Globals","49","6385","0","1","0.000000","0","0"
"/Engine/EngineDebugMaterials/DebugEditorMaterial.DebugEditorMaterial","49","7","8","1","19.976868","0","8"
"/Engine/EditorMaterials/PhAT_NoCollisionMaterial.PhAT_NoCollisionMaterial","49","5","5","1","8.853947","0","5"
"/Engine/EditorMaterials/PhAT_UnselectedMaterial.PhAT_UnselectedMaterial","49","5","5","1","7.330604","0","5"
"/Engine/EngineMaterials/GizmoMaterial.GizmoMaterial","49","7","8","1","11.091561","0","8"
"/Engine/EngineDebugMaterials/DebugMeshMaterial.DebugMeshMaterial","49","7","7","1","10.434429","0","7"
"/Engine/EngineMaterials/NaniteHiddenSectionMaterial.NaniteHiddenSectionMaterial","49","29","31","1","32.404396","0","31"
"/Engine/EngineMaterials/RemoveSurfaceMaterial.RemoveSurfaceMaterial","49","4","4","1","3.334275","0","4"
"/Engine/EditorMaterials/Dataflow/DataflowVertexMaterial.DataflowVertexMaterial","49","26","26","1","30.000395","0","26"
"/Water/Materials/WaterInfo/DrawWaterInfo.DrawWaterInfo","49","14","14","1","32.473831","0","14"
"/Engine/EditorMaterials/Camera/CineMat.CineMat","49","26","26","1","61.890995","0","26"
"/Engine/BasicShapes/BasicShapeMaterial.BasicShapeMaterial","49","96","96","1","227.856461","0","96"
"/Engine/EditorLandscapeResources/SplineEditorMeshMat.SplineEditorMeshMat","49","15","17","1","28.125549","0","17"
"/Engine/EngineDebugMaterials/M_SimpleUnlitTranslucent.M_SimpleUnlitTranslucent","49","5","5","1","2.174121","0","5"
"/Engine/VREditor/TransformGizmo/TranslucentTransformGizmoMaterial.TranslucentTransformGizmoMaterial","49","5","5","1","2.087037","0","5"
"/Engine/EngineMaterials/DefaultLightFunctionMaterial.DefaultLightFunctionMaterial","49","61","61","1","43.733246","0","61"
"/Engine/VREditor/TransformGizmo/Xray.Xray","49","14","14","1","21.995739","0","14"
"/Engine/VREditor/TransformGizmo/Main.Main","49","5","5","1","7.174575","0","5"
"/Game/VehicleTemplate/Blueprints/True_kart3/NewMaterial.NewMaterial","49","17","18","1","16.398643","0","18"
"/Game/Vehicles/test_car/obje/bluecornet1_mat_4_004.bluecornet1_mat_4_004","49","14","14","1","13.999982","0","14"
"/Game/VehicleTemplate/Blueprints/Countdown/M_InvWal.M_InvWal","49","20","20","1","25.913061","0","20"
"/Game/Vehicles/test_car/obje/initialShadingGroup.initialShadingGroup","49","14","14","1","0.000000","0","14"
"/Game/Vehicles/test_car/obje/bluecornet1_mat_5_001.bluecornet1_mat_5_001","49","14","14","1","0.000000","0","14"
"/Game/Vehicles/test_car/obje/bluecornet1_mat_4_001.bluecornet1_mat_4_001","49","14","14","1","0.000000","0","14"
"/Game/Vehicles/test_car/obje/bluecornet1_mat_3_001.bluecornet1_mat_3_001","49","14","14","1","0.000000","0","14"
"/Game/Vehicles/test_car/obje/bluecornet1_mat_11_001.bluecornet1_mat_11_001","49","14","14","1","0.000000","0","14"
"/Game/Vehicles/test_car/obje/bluecornet1_mat_10_001.bluecornet1_mat_10_001","49","14","14","1","0.000000","0","14"
"/Game/Vehicles/SportsCar/mat_5_002.mat_5_002","49","26","26","1","19.559227","0","26"
"/Game/Vehicles/SportsCar/mat_4_005.mat_4_005","49","26","26","1","0.000000","0","26"
"/Game/Vehicles/SportsCar/mat_4_002.mat_4_002","49","26","26","1","0.000000","0","26"
"/Game/Vehicles/SportsCar/mat_3_002.mat_3_002","49","26","26","1","0.000000","0","26"
"/Game/Vehicles/SportsCar/mat_11_002.mat_11_002","49","26","26","1","0.000000","0","26"
"/Game/Vehicles/SportsCar/mat_10_002.mat_10_002","49","26","26","1","0.000000","0","26"
"/Game/Tracks/mapa_02/Material_005.Material_005","49","14","14","1","0.000000","0","14"
"/Game/Tracks/mapa_02/Material_003.Material_003","49","14","14","1","0.000000","0","14"
"/Game/Tracks/Prueba_mapa2/Material_002.Material_002","49","14","14","1","0.000000","0","14"
"/Game/Tracks/Prueba_mapa2/Material_001.Material_001","49","14","14","1","0.000000","0","14"
"/Game/StarterContent/Particles/Materials/m_flare_01.m_flare_01","49","14","14","1","8.827549","0","14"
"/Game/StarterContent/Materials/M_Glass.M_Glass","49","35","35","1","58.542206","0","35"
"/Game/StarterContent/Materials/M_Basic_Wall.M_Basic_Wall","49","23","23","1","0.000000","0","23"
"/Game/StarterContent/Materials/M_Basic_Floor.M_Basic_Floor","49","23","23","1","19.164133","0","23"
"/Game/StarterContent/Materials/M_AssetPlatform.M_AssetPlatform","49","23","23","1","28.312790","0","23"
"/Game/StarterContent/Blueprints/Assets/M_LightStage_Arrows.M_LightStage_Arrows","49","4","4","1","1.984498","0","4"
"/Game/Shaders/Shader1/M_Shader1.M_Shader1","49","5","5","1","2.762393","0","5"
"/Engine/EditorMeshes/ColorCalibrator/M_GreyBall.M_GreyBall","49","35","35","1","35.083351","0","35"
"/Engine/EngineSky/M_SimpleSkyDome.M_SimpleSkyDome","49","4","4","1","2.257414","0","4"
"/Engine/EditorMeshes/ColorCalibrator/M_ClearCoat.M_ClearCoat","49","23","23","1","28.238394","0","23"
"/Engine/EditorMeshes/ColorCalibrator/M_ChromeBall.M_ChromeBall","49","35","35","1","38.902412","0","35"
"/Engine/EditorMeshes/ColorCalibrator/M_ClearCoatBlack.M_ClearCoatBlack","49","23","23","1","29.052435","0","23"
"/Engine/EngineMaterials/FlattenMaterial_WS_Normal_VT.FlattenMaterial_WS_Normal_VT","49","128","192","3","500.921234","123","3200"
"/Engine/EngineMaterials/FlattenMaterial_VT.FlattenMaterial_VT","49","64","64","1","208.212646","0","64"
"/Engine/EngineMaterials/FlattenMaterial.FlattenMaterial","49","64","64","1","0.000000","0","64"
"/Engine/EngineMaterials/M_InvalidLightmapSettings.M_InvalidLightmapSettings","49","28","28","1","35.261505","0","28"
"/Engine/EngineMaterials/EmissiveMeshMaterial.EmissiveMeshMaterial","49","7","7","1","5.602654","0","7"
"/Engine/EngineMaterials/PhAT_JointLimitMaterial.PhAT_JointLimitMaterial","49","10","11","1","11.293318","0","11"
"/Engine/EngineDebugMaterials/M_VolumeRenderSphereTracePP.M_VolumeRenderSphereTracePP","49","5","5","1","3.675560","0","5"
"/Engine/VREditor/TransformGizmo/TransformGizmoMaterial.TransformGizmoMaterial","49","4","4","1","4.276204","0","4"
"/Engine/EngineMaterials/Widget3DPassThrough.Widget3DPassThrough","49","61","66","6","46.607956","0","66"
"/Engine/EngineMaterials/DefaultDeferredDecalMaterial.DefaultDeferredDecalMaterial","49","87","87","1","136.511551","0","87"
"/Engine/EngineMaterials/DefaultPostProcessMaterial.DefaultPostProcessMaterial","49","7","7","1","7.013493","0","7"
"/Engine/EngineMaterials/WorldGridMaterial.WorldGridMaterial","49","1053","1078","1","1403.600952","0","0"
"/Engine/EngineMaterials/DefaultMaterial.DefaultMaterial","49","127","127","1","55.560822","0","127"
"/Engine/EngineMaterials/DefaultTextMaterialOpaque.DefaultTextMaterialOpaque","49","31","33","1","34.510624","0","33"
"/Engine/EngineMaterials/AntiAliasedTextMaterialTranslucent.AntiAliasedTextMaterialTranslucent","49","22","22","1","25.770527","0","22"
"/Game/Tracks/mapa_02/props/Textura_Caja_Mat.Textura_Caja_Mat","49","14","14","1","15.151398","0","14"
"/Game/Tracks/mapa_02/props/Rampa_Textura_Mat.Rampa_Textura_Mat","49","14","14","1","0.000000","0","14"
"/Game/Tracks/mapa_02/props/Palos_02_Mat.Palos_02_Mat","49","14","14","1","0.000000","0","14"
"/Game/Tracks/mapa_02/props/Meta_01_Mat.Meta_01_Mat","49","17","18","1","19.990788","0","18"
"/Game/StarterContent/Props/Materials/M_Statue.M_Statue","49","23","23","1","26.354218","0","23"
"/Game/StarterContent/Particles/Materials/M_Spark.M_Spark","49","11","11","1","7.423223","0","11"
"/Game/StarterContent/Particles/Materials/M_smoke_subUV.M_smoke_subUV","49","56","56","1","73.905632","0","56"
"/Game/StarterContent/Props/Materials/M_Shelf.M_Shelf","49","23","23","1","37.270885","0","23"
"/Game/StarterContent/Materials/M_Wood_Floor_Walnut_Polished.M_Wood_Floor_Walnut_Polished","49","23","23","1","26.433262","0","23"
"/Game/StarterContent/Materials/M_Water_Lake.M_Water_Lake","49","23","23","1","25.003649","0","23"
"/Game/StarterContent/Materials/M_Rock_Marble_Polished.M_Rock_Marble_Polished","49","23","23","1","23.848701","0","23"
"/Game/StarterContent/Materials/M_Wood_Walnut.M_Wood_Walnut","49","23","23","1","23.958986","0","23"
"/ControlRig/Controls/ControlRigGizmoMaterial.ControlRigGizmoMaterial","49","0","4","1","0.000000","0","0"
"/MeshModelingToolset/Materials/M_DynamicMeshComponentVtxColor.M_DynamicMeshComponentVtxColor","49","0","20","1","0.000000","0","0"
"/ControlRig/Controls/ControlRigXRayMaterial.ControlRigXRayMaterial","49","0","11","1","0.000000","0","0"
"/Game/Vehicles/SportsCar/Materials/M_SportsCar_Lights.M_SportsCar_Lights","49","0","46","1","0.000000","0","0"
"/Game/LevelPrototyping/Materials/M_Solid.M_Solid","49","0","26","1","0.000000","0","0"
"/ControlRig/M_Manip.M_Manip","49","0","11","1","0.000000","0","0"
"/Paper2D/DefaultSpriteMaterial.DefaultSpriteMaterial","49","0","54","2","0.000000","0","0"
"/Game/Vehicles/SportsCar/Materials/M_SportsCar_Wheel.M_SportsCar_Wheel","49","0","26","1","0.000000","0","0"
"/Game/Vehicles/SportsCar/Materials/M_SportsCar.M_SportsCar","49","0","90","3","0.000000","0","0"
"/Game/Vehicles/OffroadCar/Materials/M_OffroadCar_Wheel.M_OffroadCar_Wheel","49","0","26","1","0.000000","0","0"
"/Game/Tracks/mapa_02/props/ContainerTexturas_Interior_Azul_Mat.ContainerTexturas_Interior_Azul_Mat","49","14","14","1","0.000000","0","14"
"/Game/Tracks/mapa_02/Material_006.Material_006","49","14","14","1","0.000000","0","14"
"/Game/Tracks/mapa_02/Gradient_Pallete_Mat.Gradient_Pallete_Mat","49","17","18","1","0.000000","0","18"
"/Game/Tracks/mapa_02/Material_011.Material_011","49","14","14","1","0.000000","0","14"
"/Game/StarterContent/Particles/Materials/M_Heat_Distortion.M_Heat_Distortion","49","23","23","1","16.465775","0","23"
"/Game/StarterContent/Props/Materials/M_TableRound.M_TableRound","49","23","23","1","19.812246","0","23"
"/Game/StarterContent/Props/Materials/M_StatueGlass.M_StatueGlass","49","35","35","1","68.150520","0","35"
"/Game/StarterContent/Materials/M_Ground_Grass.M_Ground_Grass","49","23","23","1","29.701262","0","23"
"/Game/StarterContent/Props/Materials/M_Frame.M_Frame","49","23","23","1","21.672251","0","23"
"/Game/StarterContent/Particles/Materials/M_Fire_SubUV.M_Fire_SubUV","49","11","11","1","21.293308","0","11"
"/Game/StarterContent/Particles/Materials/M_explosion_subUV.M_explosion_subUV","49","11","11","1","10.728790","0","11"
"/Game/StarterContent/Particles/Materials/M_Dust_Particle.M_Dust_Particle","49","74","74","1","68.002602","0","74"
"/Game/StarterContent/Props/Materials/M_Door.M_Door","49","23","23","1","27.238283","0","23"
"/Game/StarterContent/Materials/M_Concrete_Tiles.M_Concrete_Tiles","49","23","23","1","56.413158","0","23"
"/Game/StarterContent/Materials/M_Concrete_Poured.M_Concrete_Poured","49","23","23","1","49.090031","0","23"
"/Game/StarterContent/Materials/M_Concrete_Panels.M_Concrete_Panels","49","23","23","1","72.844986","0","23"
"/Game/StarterContent/Materials/M_Concrete_Grime.M_Concrete_Grime","49","23","23","1","27.883282","0","23"
"/Game/StarterContent/Materials/M_CobbleStone_Smooth.M_CobbleStone_Smooth","49","23","23","1","27.661734","0","23"
"/Game/StarterContent/Materials/M_CobbleStone_Rough.M_CobbleStone_Rough","49","23","23","1","45.496895","0","23"
"/Game/StarterContent/Materials/M_CobbleStone_Pebble.M_CobbleStone_Pebble","49","23","23","1","29.406731","0","23"
"/Game/StarterContent/Materials/M_Tech_Checker_Dot.M_Tech_Checker_Dot","49","23","23","1","27.972738","0","23"
"/Game/StarterContent/Props/Materials/M_Chair.M_Chair","49","23","23","1","26.861582","0","23"
"/Game/StarterContent/Materials/M_Ceramic_Tile_Checker.M_Ceramic_Tile_Checker","49","23","23","1","27.221502","0","23"
"/Game/StarterContent/Props/Materials/M_Bush.M_Bush","49","44","46","1","44.304943","0","46"
"/Game/StarterContent/Particles/Materials/M_Burst.M_Burst","49","17","17","1","11.058329","0","17"
"/Game/StarterContent/Materials/M_Brick_Hewn_Stone.M_Brick_Hewn_Stone","49","23","23","1","24.956896","0","23"
"/Game/StarterContent/Materials/M_Brick_Cut_Stone.M_Brick_Cut_Stone","49","23","23","1","23.767830","0","23"
"/Game/StarterContent/Materials/M_Brick_Clay_Old.M_Brick_Clay_Old","49","23","23","1","21.996607","0","23"
"/Game/StarterContent/Materials/M_Brick_Clay_New.M_Brick_Clay_New","49","23","23","1","21.324406","0","23"
"/Game/StarterContent/Materials/M_Brick_Clay_Beveled.M_Brick_Clay_Beveled","49","23","23","1","26.321560","0","23"
"/Game/Track/M_Track.M_Track","49","0","26","1","0.000000","0","0"
"/Game/StarterContent/Materials/M_Wood_Pine.M_Wood_Pine","49","23","23","1","20.294987","0","23"
"/Game/StarterContent/Materials/M_Wood_Oak.M_Wood_Oak","49","23","23","1","21.530077","0","23"
"/Game/StarterContent/Materials/M_Tech_Panel.M_Tech_Panel","49","23","23","1","24.706676","0","23"
"/Game/StarterContent/Materials/M_Tech_Hex_Tile_Pulse.M_Tech_Hex_Tile_Pulse","49","23","23","1","24.657059","0","23"
"/Game/StarterContent/Materials/M_Rock_Slate.M_Rock_Slate","49","23","23","1","22.584846","0","23"
"/Game/StarterContent/Materials/M_Rock_Sandstone.M_Rock_Sandstone","49","23","23","1","25.726370","0","23"
"/Game/StarterContent/Materials/M_Rock_Basalt.M_Rock_Basalt","49","23","23","1","20.263109","0","23"
"/Game/StarterContent/Materials/M_Metal_Steel.M_Metal_Steel","49","23","23","1","21.514416","0","23"
"/Game/StarterContent/Materials/M_Metal_Gold.M_Metal_Gold","49","35","35","1","34.848988","0","35"
"/Game/StarterContent/Materials/M_Metal_Copper.M_Metal_Copper","49","23","23","1","21.257599","0","23"
"/Game/StarterContent/Materials/M_Metal_Chrome.M_Metal_Chrome","49","23","23","1","21.899904","0","23"
"/Game/StarterContent/Materials/M_Metal_Burnished_Steel.M_Metal_Burnished_Steel","49","23","23","1","20.691916","0","23"
"/Game/StarterContent/Materials/M_Metal_Brushed_Nickel.M_Metal_Brushed_Nickel","49","23","23","1","21.037390","0","23"
"/Game/StarterContent/Props/Materials/M_Lamp.M_Lamp","49","23","23","1","26.169512","0","23"
"/Game/StarterContent/Materials/M_Ground_Moss.M_Ground_Moss","49","23","23","1","25.970919","0","23"
"/Game/StarterContent/Materials/M_Ground_Gravel.M_Ground_Gravel","49","23","23","1","25.316458","0","23"
"/Engine/EngineMaterials/PPM_DefaultCalibrationGrayscale.PPM_DefaultCalibrationGrayscale","49","5","5","1","2.069062","0","5"
"/Engine/EngineMaterials/PPM_DefaultCalibrationColor.PPM_DefaultCalibrationColor","49","5","5","1","2.217254","0","5"
"/Game/Vehicles/test_car/mat_5_001.mat_5_001","49","50","50","1","69.168915","0","50"
"/Game/Vehicles/test_car/mat_4_004.mat_4_004","49","26","26","1","0.000000","0","26"
"/Game/Vehicles/test_car/mat_4_001.mat_4_001","49","50","50","1","0.000000","0","50"
"/Game/Vehicles/test_car/mat_3_001.mat_3_001","49","50","50","1","0.000000","0","50"
"/Game/Vehicles/test_car/mat_11_001.mat_11_001","49","50","50","1","0.000000","0","50"
"/Game/Vehicles/test_car/mat_10_001.mat_10_001","49","50","50","1","0.000000","0","50"
"/Game/StarterContent/Props/Materials/M_Rock.M_Rock","49","23","23","1","25.594625","0","23"
"/Game/StarterContent/Materials/M_Water_Ocean.M_Water_Ocean","49","23","23","1","24.949551","0","23"
"/Game/StarterContent/Materials/M_Tech_Hex_Tile.M_Tech_Hex_Tile","49","23","23","1","24.320068","0","23"
"/Game/StarterContent/Materials/M_Metal_Rust.M_Metal_Rust","49","23","23","1","26.945448","0","23"
"/Game/StarterContent/Particles/Materials/M_radial_ramp.M_radial_ramp","49","14","14","1","8.324712","0","14"
"/Game/StarterContent/Particles/Materials/M_Radial_Gradient.M_Radial_Gradient","49","14","14","1","0.833041","0","14"
"/Game/StarterContent/Materials/M_Wood_Floor_Walnut_Worn.M_Wood_Floor_Walnut_Worn","49","23","23","1","26.502785","0","23"
"/Engine/VREditor/SnapGrid/SnapGridMaterial.SnapGridMaterial","49","12","12","1","10.684218","0","12"
"/Game/StarterContent/Materials/M_ColorGrid_LowSpec.M_ColorGrid_LowSpec","49","23","23","1","25.921358","0","23"
"/Game/StarterContent/Blueprints/Assets/M_LightStage_Skybox_Master.M_LightStage_Skybox_Master","49","8","8","2","8.408346","0","8"
"/Engine/EngineSky/M_Sky_Panning_Clouds2.M_Sky_Panning_Clouds2","49","4","4","1","3.855660","0","4"
"/Engine/EditorMeshes/ColorCalibrator/M_ColorGrid.M_ColorGrid","49","35","35","1","15.274390","0","35"
"/Engine/EngineSky/VolumetricClouds/m_SimpleVolumetricCloud.m_SimpleVolumetricCloud","49","100","100","1","313.147125","0","100"
"/Landmass/Landscape/BlueprintBrushes/Materials/Sprite/M_BrushSprite_01.M_BrushSprite_01","49","19","21","1","21.143631","0","21"
"/Engine/EditorMaterials/PreviewShadowIndicatorMaterial.PreviewShadowIndicatorMaterial","49","61","61","1","57.208160","0","61"
"/Engine/EditorMaterials/Thumbnails/SkySphereMaterial.SkySphereMaterial","49","23","23","1","26.667284","0","23"
"/Landmass/Landscape/BlueprintBrushes/Materials/Internal/BrushBounds.BrushBounds","49","5","5","1","5.467657","0","5"
"/Interchange/gltf/M_Unlit.M_Unlit","49","0","136","6","0.000000","0","0"
"/Game/LevelPrototyping/Materials/M_PrototypeGrid.M_PrototypeGrid","49","0","69","3","0.000000","0","1095"
"/SpeedTreeImporter/SpeedTree9/SpeedTreeBillboardMaster.SpeedTreeBillboardMaster","49","0","66","1","0.000000","0","0"
"/SpeedTreeImporter/SpeedTree9/SpeedTreeMaster.SpeedTreeMaster","49","0","92","1","0.000000","0","0"
"/Interchange/gltf/M_Sheen.M_Sheen","49","0","280","6","0.000000","0","0"
"/Interchange/gltf/M_SpecularGlossiness.M_SpecularGlossiness","49","0","280","6","0.000000","0","0"
"/Interchange/gltf/M_Transmission.M_Transmission","49","0","96","2","0.000000","0","0"
"/Interchange/gltf/M_ClearCoat.M_ClearCoat","49","0","280","6","0.000000","0","0"
"/Interchange/gltf/M_Default.M_Default","49","0","280","6","0.000000","0","0"
"/Water/Materials/Brushes/MeshBrush_Angle.MeshBrush_Angle","49","4","4","1","3.813812","0","4"
"/Water/Materials/Brushes/CompositeWaterBodyTexture.CompositeWaterBodyTexture","49","5","5","1","4.108477","0","5"
"/Landmass/Landscape/BlueprintBrushes/Materials/RenderSplineDepths.RenderSplineDepths","49","6","6","1","6.826455","0","6"
"/Landmass/Landscape/BlueprintBrushes/Materials/CacheDistanceField.CacheDistanceField","49","5","5","1","4.091633","0","5"
"/Water/Materials/WaterSurface/Water_Material.Water_Material","49","715","785","5","2189.244385","0","785"
"/Water/Materials/Brushes/MeshBrush_Width.MeshBrush_Width","49","4","4","1","3.512986","0","4"
"/Water/Materials/Brushes/MeshBrush_Weightmap.MeshBrush_Weightmap","49","4","4","1","3.606115","0","4"
"/Water/Materials/Brushes/MeshBrush_Island.MeshBrush_Island","49","4","4","1","3.275344","0","4"
"/Water/Materials/Brushes/CanvasDrawing.CanvasDrawing","49","7","7","1","4.869627","0","7"
"/Landmass/DistanceFields/Materials/JumpFloodStep.JumpFloodStep","49","5","5","1","4.433398","0","5"
"/Landmass/DistanceFields/Materials/DetectEdges.DetectEdges","49","5","5","1","5.341934","0","5"
"/Landmass/DistanceFields/Materials/BlurEdges.BlurEdges","49","5","5","1","3.666167","0","5"
"/Water/Materials/PostProcessing/M_UnderWater_PostProcess_Volume.M_UnderWater_PostProcess_Volume","49","15","16","1","15.753198","0","16"
"/Engine/OpenWorldTemplate/LandscapeMaterial/M_ProcGrid.M_ProcGrid","49","31","57","1","109.302193","0","4280"
